date,equity,d,g,v,iv_pct,pos
2022-07-22,1000000.0,0.0,0.0,0.0,,0
2022-07-25,1000000.0,0.0,0.0,0.0,,0
2022-07-26,1000000.0,0.0,0.0,0.0,,0
2022-07-27,1000000.0,0.0,0.0,0.0,,0
2022-07-28,1000000.0,0.0,0.0,0.0,,0
2022-07-29,1000000.0,0.0,0.0,0.0,,0
2022-08-01,1000000.0,0.0,0.0,0.0,,0
2022-08-02,1000000.0,0.0,0.0,0.0,,0
2022-08-03,1000000.0,0.0,0.0,0.0,,0
2022-08-04,1000000.0,0.0,0.0,0.0,,0
2022-08-05,1000000.0,0.0,0.0,0.0,,0
2022-08-08,1000000.0,0.0,0.0,0.0,,0
2022-08-09,1000000.0,0.0,0.0,0.0,,0
2022-08-10,1000000.0,0.0,0.0,0.0,,0
2022-08-11,1000000.0,0.0,0.0,0.0,,0
2022-08-12,1000000.0,0.0,0.0,0.0,,0
2022-08-15,1000000.0,0.0,0.0,0.0,,0
2022-08-16,1000000.0,0.0,0.0,0.0,,0
2022-08-17,1000000.0,0.0,0.0,0.0,,0
2022-08-18,1000000.0,0.0,0.0,0.0,,0
2022-08-19,1000000.0,0.0,0.0,0.0,,0
2022-08-22,1000000.0,0.0,0.0,0.0,,0
2022-08-23,1000000.0,0.0,0.0,0.0,,0
2022-08-24,1000000.0,0.0,0.0,0.0,,0
2022-08-25,1000000.0,0.0,0.0,0.0,,0
2022-08-26,1000000.0,0.0,0.0,0.0,,0
2022-08-29,1000000.0,0.0,0.0,0.0,,0
2022-08-30,1000000.0,0.0,0.0,0.0,,0
2022-08-31,1000000.0,0.0,0.0,0.0,,0
2022-09-01,1000000.0,0.0,0.0,0.0,,0
2022-09-02,1000000.0,0.0,0.0,0.0,,0
2022-09-05,1000000.0,0.0,0.0,0.0,,0
2022-09-06,1000000.0,0.0,0.0,0.0,,0
2022-09-07,1000000.0,0.0,0.0,0.0,,0
2022-09-08,1000000.0,0.0,0.0,0.0,,0
2022-09-09,1000000.0,0.0,0.0,0.0,,0
2022-09-13,1000000.0,0.0,0.0,0.0,,0
2022-09-14,1000000.0,0.0,0.0,0.0,,0
2022-09-15,1000000.0,0.0,0.0,0.0,,0
2022-09-16,1000000.0,0.0,0.0,0.0,,0
2022-09-19,1000000.0,0.0,0.0,0.0,,0
2022-09-20,1000000.0,0.0,0.0,0.0,,0
2022-09-21,1000000.0,0.0,0.0,0.0,,0
2022-09-22,1000000.0,0.0,0.0,0.0,,0
2022-09-23,1000000.0,0.0,0.0,0.0,,0
2022-09-26,1000000.0,0.0,0.0,0.0,,0
2022-09-27,1000000.0,0.0,0.0,0.0,,0
2022-09-28,1000000.0,0.0,0.0,0.0,,0
2022-09-29,1000000.0,0.0,0.0,0.0,,0
2022-09-30,1000000.0,0.0,0.0,0.0,,0
2022-10-10,1000000.0,0.0,0.0,0.0,,0
2022-10-11,1000000.0,0.0,0.0,0.0,,0
2022-10-12,1000000.0,0.0,0.0,0.0,,0
2022-10-13,1000000.0,0.0,0.0,0.0,,0
2022-10-14,1000000.0,0.0,0.0,0.0,,0
2022-10-17,1000000.0,0.0,0.0,0.0,,0
2022-10-18,1000000.0,0.0,0.0,0.0,,0
2022-10-19,1000000.0,0.0,0.0,0.0,,0
2022-10-20,1000000.0,0.0,0.0,0.0,,0
2022-10-21,1000000.0,0.0,0.0,0.0,,0
2022-10-24,1000000.0,0.0,0.0,0.0,0.0,0
2022-10-25,1000000.0,0.0,0.0,0.0,0.0,0
2022-10-26,1000000.0,0.0,0.0,0.0,0.0,0
2022-10-27,1000000.0,0.0,0.0,0.0,0.0,0
2022-10-28,1000000.0,0.0,0.0,0.0,70.0,0
2022-10-31,1000000.0,0.0,0.0,0.0,74.0,0
2022-11-01,1000000.0,0.0,0.0,0.0,54.0,0
2022-11-02,1000000.0,0.0,0.0,0.0,44.0,0
2022-11-03,1000000.0,0.0,0.0,0.0,44.0,0
2022-11-04,1000000.0,0.0,0.0,0.0,38.0,0
2022-11-07,1000000.0,0.0,0.0,0.0,40.0,0
2022-11-08,1000000.0,0.0,0.0,0.0,34.0,0
2022-11-09,1000000.0,0.0,0.0,0.0,32.0,0
2022-11-10,1000000.0,0.0,0.0,0.0,26.0,0
2022-11-11,1000000.0,0.0,0.0,0.0,20.0,0
2022-11-14,1000000.0,0.0,0.0,0.0,12.0,0
2022-11-15,1000000.0,0.0,0.0,0.0,10.0,0
2022-11-16,1000000.0,0.0,0.0,0.0,14.000000000000002,0
2022-11-17,1000000.0,0.0,0.0,0.0,8.0,0
2022-11-18,1000000.0,0.0,0.0,0.0,10.0,0
2022-11-21,1000000.0,0.0,0.0,0.0,0.0,0
2022-11-22,1000000.0,0.0,0.0,0.0,0.0,0
2022-11-23,1000000.0,0.0,0.0,0.0,0.0,0
2022-11-24,1000000.0,0.0,0.0,0.0,0.0,0
2022-11-25,1000000.0,0.0,0.0,0.0,0.0,0
2022-11-28,1000000.0,0.0,0.0,0.0,80.0,0
2022-11-29,1000000.0,0.0,0.0,0.0,68.88888888888889,0
2022-11-30,1000000.0,0.0,0.0,0.0,60.0,0
2022-12-01,1000000.0,0.0,0.0,0.0,55.55555555555556,0
2022-12-02,1000000.0,0.0,0.0,0.0,53.333333333333336,0
2022-12-05,1000000.0,0.0,0.0,0.0,53.333333333333336,0
2022-12-06,1000000.0,0.0,0.0,0.0,46.666666666666664,0
2022-12-07,1000000.0,0.0,0.0,0.0,42.22222222222222,0
2022-12-08,1000000.0,0.0,0.0,0.0,33.33333333333333,0
2022-12-09,1000000.0,0.0,0.0,0.0,31.11111111111111,0
2022-12-12,1000000.0,0.0,0.0,0.0,15.555555555555555,0
2022-12-13,1000000.0,0.0,0.0,0.0,13.333333333333334,0
2022-12-14,1000000.0,0.0,0.0,0.0,4.444444444444445,0
2022-12-15,1000000.0,0.0,0.0,0.0,0.0,0
2022-12-16,1000000.0,0.0,0.0,0.0,6.666666666666667,0
2022-12-19,1000000.0,0.0,0.0,0.0,0.0,0
2022-12-20,1000000.0,0.0,0.0,0.0,0.0,0
2022-12-21,1000000.0,0.0,0.0,0.0,0.0,0
2022-12-22,1000000.0,0.0,0.0,0.0,0.0,0
2022-12-23,1000000.0,0.0,0.0,0.0,0.0,0
2022-12-26,1000000.0,0.0,0.0,0.0,0.0,0
2022-12-27,1000000.0,0.0,0.0,0.0,0.0,0
2022-12-28,1000000.0,0.0,0.0,0.0,68.18181818181817,0
2022-12-29,1000000.0,0.0,0.0,0.0,61.36363636363637,0
2022-12-30,1000000.0,0.0,0.0,0.0,54.54545454545454,0
2023-01-03,1000000.0,0.0,0.0,0.0,43.18181818181818,0
2023-01-04,1000000.0,0.0,0.0,0.0,43.18181818181818,0
2023-01-05,1000000.0,0.0,0.0,0.0,45.45454545454545,0
2023-01-06,1000000.0,0.0,0.0,0.0,43.18181818181818,0
2023-01-09,1000000.0,0.0,0.0,0.0,43.18181818181818,0
2023-01-10,1000000.0,0.0,0.0,0.0,34.090909090909086,0
2023-01-11,1000000.0,0.0,0.0,0.0,40.909090909090914,0
2023-01-12,1000000.0,0.0,0.0,0.0,34.090909090909086,0
2023-01-13,1000000.0,0.0,0.0,0.0,18.181818181818183,0
2023-01-16,1000000.0,0.0,0.0,0.0,6.8181818181818175,0
2023-01-17,1000000.0,0.0,0.0,0.0,2.272727272727273,0
2023-01-18,1000000.0,0.0,0.0,0.0,2.2222222222222223,0
2023-01-19,1000000.0,0.0,0.0,0.0,13.043478260869565,0
2023-01-20,1000000.0,0.0,0.0,0.0,2.127659574468085,0
2023-01-30,1000000.0,0.0,0.0,0.0,70.83333333333334,0
2023-01-31,1000000.0,0.0,0.0,0.0,62.5,0
2023-02-01,1000000.0,0.0,0.0,0.0,79.16666666666666,0
2023-02-02,1000000.0,0.0,0.0,0.0,75.0,0
2023-02-03,1000000.0,0.0,0.0,0.0,68.75,0
2023-02-06,1000000.0,0.0,0.0,0.0,64.58333333333334,0
2023-02-07,1000000.0,0.0,0.0,0.0,60.416666666666664,0
2023-02-08,1000000.0,0.0,0.0,0.0,39.58333333333333,0
2023-02-09,1000000.0,0.0,0.0,0.0,33.33333333333333,0
2023-02-10,1000000.0,0.0,0.0,0.0,25.0,0
2023-02-13,1000000.0,0.0,0.0,0.0,22.916666666666664,0
2023-02-14,1000000.0,0.0,0.0,0.0,22.916666666666664,0
2023-02-15,1000000.0,0.0,0.0,0.0,14.583333333333334,0
2023-02-16,1000000.0,0.0,0.0,0.0,6.25,0
2023-02-17,1000000.0,0.0,0.0,0.0,16.666666666666664,0
2023-02-20,1000000.0,0.0,0.0,0.0,0.0,0
2023-02-21,1000000.0,0.0,0.0,0.0,0.0,0
2023-02-22,1000000.0,0.0,0.0,0.0,0.0,0
2023-02-23,1000000.0,0.0,0.0,0.0,0.0,0
2023-02-24,1000000.0,0.0,0.0,0.0,0.0,0
2023-02-27,1000000.0,0.0,0.0,0.0,91.48936170212765,2
2023-02-28,998660.0,-55.8866338713839,-0.25028409875409807,-1431.2081888174444,68.75,2
2023-03-01,997400.0,-47.719648918922175,-0.17447284599506457,-1553.924465738436,64.58333333333334,2
2023-03-02,999080.0,-65.23342785179804,-0.23648792754136902,-1184.987890277282,62.5,2
2023-03-03,1001060.0,-43.59012378475877,-0.19574913039908218,-1551.5777595520656,56.25,2
2023-03-06,1000900.0,-50.7997820139466,-0.18850009416310792,-1366.0075449511442,50.0,2
2023-03-07,1006480.0,-30.121127007489733,-0.4013060255630012,-1563.7950373168637,50.0,2
2023-03-08,1006380.0,-49.6551307073054,-0.38757557139242343,-1307.5918385456803,52.083333333333336,2
2023-03-09,1007260.0,-54.166922179981185,-0.40017497733824564,-1206.8347971600992,45.83333333333333,2
2023-03-10,1009020.0,-5.574213717313839,-0.4759081914211829,-1562.020328615965,35.41666666666667,2
2023-03-13,1010320.0,-23.947178667280028,-0.5270903316257312,-1390.2637665662892,31.25,2
2023-03-14,1011780.0,11.958672409587692,-0.6030063424449292,-1387.0634333937303,25.0,2
2023-03-15,1014440.0,-10.41248741335037,-0.806786689980043,-1356.037955010131,6.25,2
2023-03-16,1012100.0,50.48036255541592,-0.3448459676322737,-927.4849838759566,31.25,2
2023-03-17,1017260.0,54.04672851382979,-0.3027416623173641,-703.1958302956664,2.083333333333333,2
2023-03-20,1000000.0,0.0,0.0,0.0,0.0,2
2023-03-21,1000000.0,0.0,0.0,0.0,0.0,2
2023-03-22,1000000.0,0.0,0.0,0.0,0.0,2
2023-03-23,1000000.0,0.0,0.0,0.0,0.0,2
2023-03-24,1000000.0,0.0,0.0,0.0,0.0,2
2023-03-27,1000000.0,0.0,0.0,0.0,0.0,2
2023-03-28,1000000.0,0.0,0.0,0.0,76.59574468085107,2
2023-03-29,1000000.0,0.0,0.0,0.0,75.0,2
2023-03-30,1000000.0,0.0,0.0,0.0,69.38775510204081,2
2023-03-31,1014839.2,0.0,0.0,0.0,71.42857142857143,0
2023-04-03,1014839.2,0.0,0.0,0.0,63.26530612244898,0
2023-04-04,1014839.2,0.0,0.0,0.0,69.38775510204081,0
2023-04-06,1014839.2,0.0,0.0,0.0,61.224489795918366,0
2023-04-07,1014839.2,0.0,0.0,0.0,51.02040816326531,0
2023-04-10,1014839.2,0.0,0.0,0.0,36.734693877551024,0
2023-04-11,1014839.2,0.0,0.0,0.0,34.69387755102041,0
2023-04-12,1014839.2,0.0,0.0,0.0,30.612244897959183,0
2023-04-13,1014839.2,0.0,0.0,0.0,24.489795918367346,0
2023-04-14,1014839.2,0.0,0.0,0.0,20.408163265306122,0
2023-04-17,1014839.2,0.0,0.0,0.0,20.408163265306122,0
2023-04-18,1014839.2,0.0,0.0,0.0,4.081632653061225,0
2023-04-19,1014839.2,0.0,0.0,0.0,2.0408163265306123,0
2023-04-20,1014839.2,0.0,0.0,0.0,2.0408163265306123,0
2023-04-21,1014839.2,0.0,0.0,0.0,0.0,0
2023-04-24,1014839.2,0.0,0.0,0.0,0.0,0
2023-04-25,1014839.2,0.0,0.0,0.0,0.0,0
2023-04-26,1014839.2,0.0,0.0,0.0,0.0,0
2023-04-27,1014839.2,0.0,0.0,0.0,89.13043478260869,2
2023-04-28,1013959.2,-47.43299191450798,-0.2835657419306933,-1587.1428529661082,63.04347826086957,2
2023-05-04,1015839.2,-59.268511673596215,-0.2970492166745071,-1226.494747821283,63.04347826086957,2
2023-05-05,1018979.2,-28.334686976923194,-0.38426721480855014,-1595.5667717301026,63.04347826086957,2
2023-05-08,1018679.2,-51.490600986914345,-0.36372186616244534,-1254.4288345052573,67.3913043478261,2
2023-05-09,1020699.2,-11.159558395782973,-0.4305899456536274,-1543.3870897717634,50.0,2
2023-05-10,1020919.2,-18.15831678806238,-0.4370368368517105,-1486.567412751182,50.0,2
2023-05-11,1023159.2,-18.45411528956165,-0.5207945388477766,-1448.1355866829103,41.30434782608695,2
2023-05-12,1023039.2,28.209955470393496,-0.5161869074719494,-1341.0117138410715,41.30434782608695,2
2023-05-15,1025399.2,2.9221977784072024,-0.6450324693142386,-1323.1544547028095,21.73913043478261,2
2023-05-16,1024119.2,47.12893221532329,-0.5538443936387931,-1039.6648756853867,30.434782608695656,2
2023-05-17,1026619.2,28.43807013930674,-0.736464842004146,-1151.139223471016,17.391304347826086,2
2023-05-18,1029939.2,10.963750094574053,-1.1956209734193528,-1181.3293611410506,4.3478260869565215,2
2023-05-19,1035379.2,-44.583580465877596,-2.5027022775297607,-777.4839803299147,0.0,2
2023-05-22,1014839.2,0.0,0.0,0.0,0.0,2
2023-05-23,1014839.2,0.0,0.0,0.0,0.0,2
2023-05-24,1014839.2,0.0,0.0,0.0,0.0,2
2023-05-25,1014839.2,0.0,0.0,0.0,0.0,2
2023-05-26,1014839.2,0.0,0.0,0.0,0.0,2
2023-05-29,1014839.2,0.0,0.0,0.0,80.43478260869566,2
2023-05-30,1014839.2,0.0,0.0,0.0,65.21739130434783,2
2023-05-31,1031644.1,0.0,0.0,0.0,69.56521739130434,0
2023-06-01,1031644.1,0.0,0.0,0.0,67.3913043478261,0
2023-06-02,1031644.1,0.0,0.0,0.0,50.0,0
2023-06-05,1031644.1,0.0,0.0,0.0,47.82608695652174,0
2023-06-06,1031644.1,0.0,0.0,0.0,60.86956521739131,0
2023-06-07,1031644.1,0.0,0.0,0.0,58.69565217391305,0
2023-06-08,1031644.1,0.0,0.0,0.0,45.65217391304348,0
2023-06-09,1031644.1,0.0,0.0,0.0,43.47826086956522,0
2023-06-12,1031644.1,0.0,0.0,0.0,32.608695652173914,0
2023-06-13,1031644.1,0.0,0.0,0.0,21.73913043478261,0
2023-06-14,1031644.1,0.0,0.0,0.0,13.043478260869565,0
2023-06-15,1031644.1,0.0,0.0,0.0,4.3478260869565215,0
2023-06-16,1031644.1,0.0,0.0,0.0,10.869565217391305,0
2023-06-19,1031644.1,0.0,0.0,0.0,0.0,0
2023-06-20,1031644.1,0.0,0.0,0.0,0.0,0
2023-06-21,1031644.1,0.0,0.0,0.0,0.0,0
2023-06-26,1031644.1,0.0,0.0,0.0,0.0,0
2023-06-27,1031644.1,0.0,0.0,0.0,100.0,2
2023-06-28,1031524.1,34.05999424048325,-0.3111407650854513,-1692.8956725611301,91.66666666666666,4
2023-06-29,1033264.1,-39.02821175506347,-0.6502809111090819,-3003.2073806962885,93.75,4
2023-06-30,1032384.1,-60.15191667732045,-0.600074651091187,-3260.8290201706945,66.66666666666666,4
2023-07-03,1032144.1,-67.68050982881927,-0.6004936675496511,-3032.0388899029285,64.58333333333334,4
2023-07-04,1031304.1,-84.88461098939351,-0.5983426556182929,-2824.515306295747,62.5,4
2023-07-05,1034384.1,-51.46314727877577,-0.6256705502595064,-2989.4887523255993,62.5,4
2023-07-06,1034984.1,-39.89601718458783,-0.6238837930701991,-2982.364356496993,77.08333333333334,4
2023-07-07,1037184.1,-32.529897163190746,-0.729789305990836,-2661.3840493117164,75.0,4
2023-07-10,1038144.1,-36.717913263122114,-0.7439054980968364,-2426.800551443563,64.58333333333334,4
2023-07-11,1039024.1,-53.44416935489528,-0.7331274579753919,-2505.8030188710954,41.66666666666667,4
2023-07-12,1040544.1,1.038139976090676,-0.8163204848809766,-2346.4942157466135,54.166666666666664,4
2023-07-13,1042244.1,-56.86708878279781,-0.8095710629409663,-1945.963566683607,35.41666666666667,4
2023-07-14,1044104.1,-28.45549463307419,-0.8383142407105257,-2229.277636962758,29.166666666666668,4
2023-07-17,1046644.1,-29.116913913699946,-0.921640857263726,-1545.1162517621046,27.083333333333332,4
2023-07-18,1047984.1,-17.410907269268044,-0.9651820485671937,-1394.464420937188,25.0,4
2023-07-19,1049204.1,-4.763483910675609,-0.9326065938873732,-1126.5666917857586,25.0,4
2023-07-20,1047584.1,54.02313226044572,-1.4232767681575709,-1529.6169293456155,6.25,4
2023-07-21,1050644.1,64.33332607366235,-3.189665983780137,-1234.2041355350289,2.083333333333333,4
2023-07-24,1031644.1,0.0,0.0,0.0,0.0,4
2023-07-25,1031644.1,0.0,0.0,0.0,0.0,4
2023-07-26,1031644.1,0.0,0.0,0.0,0.0,4
2023-07-27,1031644.1,0.0,0.0,0.0,0.0,4
2023-07-28,1031644.1,0.0,0.0,0.0,93.61702127659575,4
2023-07-31,1051224.1,0.0,0.0,0.0,97.87234042553192,2
2023-08-01,1051524.1,24.763930652536168,-0.33073418735721805,-1703.8839446959669,95.74468085106383,2
2023-08-02,1051064.1,28.481396397394086,-0.32357861570445057,-1644.036602589888,87.2340425531915,4
2023-08-03,1052824.1,-20.062546346107396,-0.6892834133239917,-3004.634642390928,82.97872340425532,4
2023-08-04,1054124.1,-46.098033511145275,-0.6870999584365167,-2769.063875093931,80.85106382978722,4
2023-08-07,1056644.1,-17.809675111455594,-0.7582523447996461,-2712.8164443182595,70.2127659574468,4
2023-08-08,1057644.1,8.323351105032387,-0.7903478053738953,-2631.639801273246,51.06382978723404,4
2023-08-09,1056844.1,51.29782192326304,-0.7757511414729436,-2398.2549609388366,40.42553191489361,4
2023-08-10,1057244.1,40.62332569226914,-0.8217065844192643,-2437.7096958968345,34.04255319148936,4
2023-08-11,1046244.1000000001,130.5508807277458,-0.5884313836607702,-1623.3960112210693,44.680851063829785,4
2023-08-14,1051584.1,144.1447877725474,-0.6666974705460305,-1221.5232367409026,19.148936170212767,4
2023-08-15,1042284.1000000001,175.69979609832927,-0.41064123759941296,-718.0477416885818,14.893617021276595,4
2023-08-16,1027344.1000000001,184.19441033285858,-0.22144235362693934,-492.08236097389664,10.638297872340425,4
2023-08-17,1037684.1000000001,168.43610101790492,-0.34545328955682997,-775.3892637166016,6.25,4
2023-08-18,1021884.1000000001,176.736071453259,-0.15189180581952405,-539.487482371285,2.0408163265306123,4
2023-08-21,1051224.1,0.0,0.0,0.0,0.0,4
2023-08-22,1051224.1,0.0,0.0,0.0,0.0,4
2023-08-23,1051224.1,0.0,0.0,0.0,0.0,4
2023-08-24,1051224.1,0.0,0.0,0.0,0.0,4
2023-08-25,1051224.1,0.0,0.0,0.0,0.0,4
2023-08-28,1051224.1,0.0,0.0,0.0,0.0,4
2023-08-29,1051224.1,0.0,0.0,0.0,100.0,4
2023-08-30,1051224.1,0.0,0.0,0.0,95.74468085106383,4
2023-08-31,1010403.1000000001,0.0,0.0,0.0,89.36170212765957,2
2023-09-01,1011643.1000000001,28.32134870418478,-0.36294446489733007,-1546.4950427720778,78.72340425531915,2
2023-09-04,1015603.1000000001,-6.477737854157283,-0.4629677631252669,-1583.3976508294961,48.93617021276596,2
2023-09-05,1015583.1000000001,8.243996352909129,-0.4653756138588496,-1541.5336872155845,48.93617021276596,2
2023-09-06,1016483.1000000001,-4.727687890390946,-0.5114444960239289,-1522.789648013024,42.5531914893617,2
2023-09-07,1012603.1000000001,43.67126243292146,-0.38024802103782734,-1235.1237387348851,53.191489361702125,2
2023-09-08,1013643.1000000001,38.92002199867888,-0.41775772997339855,-1251.1203289817297,61.702127659574465,2
2023-09-11,1019663.1000000001,4.8840039222284375,-0.7073567479550139,-1351.6284070926713,17.02127659574468,2
2023-09-12,1021223.1000000001,4.71736347588989,-0.8219167636277134,-1316.2877101512747,12.76595744680851,2
2023-09-13,1017203.1000000001,56.67220468543472,-0.4942403536096919,-899.0496405573458,34.04255319148936,2
2023-09-14,1016523.1000000001,84.69684998616586,-0.3273283077127144,-432.745004230654,10.416666666666668,2
2023-09-15,1016063.1000000001,75.49959665610089,-0.263242603956042,-499.3364710633418,10.204081632653061,2
2023-09-18,1010403.1000000001,0.0,0.0,0.0,0.0,2
2023-09-19,1010403.1000000001,0.0,0.0,0.0,0.0,2
2023-09-20,1010403.1000000001,0.0,0.0,0.0,0.0,2
2023-09-21,1010403.1000000001,0.0,0.0,0.0,0.0,2
2023-09-22,1010403.1000000001,0.0,0.0,0.0,0.0,2
2023-09-25,1010403.1000000001,0.0,0.0,0.0,0.0,2
2023-09-26,1010403.1000000001,0.0,0.0,0.0,0.0,2
2023-09-27,1010403.1000000001,0.0,0.0,0.0,90.9090909090909,2
2023-09-28,1010403.1000000001,0.0,0.0,0.0,81.81818181818183,2
2023-10-09,1015479.6000000001,0.0,0.0,0.0,50.0,0
2023-10-10,1015479.6000000001,0.0,0.0,0.0,43.18181818181818,0
2023-10-11,1015479.6000000001,0.0,0.0,0.0,31.818181818181817,0
2023-10-12,1015479.6000000001,0.0,0.0,0.0,61.36363636363637,0
2023-10-13,1015479.6000000001,0.0,0.0,0.0,38.63636363636363,0
2023-10-16,1015479.6000000001,0.0,0.0,0.0,13.636363636363635,0
2023-10-17,1015479.6000000001,0.0,0.0,0.0,13.636363636363635,0
2023-10-18,1015479.6000000001,0.0,0.0,0.0,38.63636363636363,0
2023-10-19,1015479.6000000001,0.0,0.0,0.0,15.909090909090908,0
2023-10-20,1015479.6000000001,0.0,0.0,0.0,4.545454545454546,0
2023-10-23,1015479.6000000001,0.0,0.0,0.0,0.0,0
2023-10-24,1015479.6000000001,0.0,0.0,0.0,0.0,0
2023-10-25,1015479.6000000001,0.0,0.0,0.0,0.0,0
2023-10-26,1015479.6000000001,0.0,0.0,0.0,0.0,0
2023-10-27,1015479.6000000001,0.0,0.0,0.0,0.0,0
2023-10-30,1015479.6000000001,0.0,0.0,0.0,72.09302325581395,0
2023-10-31,1015479.6000000001,0.0,0.0,0.0,74.4186046511628,0
2023-11-01,1015479.6000000001,0.0,0.0,0.0,74.4186046511628,0
2023-11-02,1015479.6000000001,0.0,0.0,0.0,69.76744186046511,0
2023-11-03,1015479.6000000001,0.0,0.0,0.0,58.139534883720934,0
2023-11-06,1015479.6000000001,0.0,0.0,0.0,69.76744186046511,0
2023-11-07,1015479.6000000001,0.0,0.0,0.0,79.06976744186046,0
2023-11-08,1015479.6000000001,0.0,0.0,0.0,69.76744186046511,0
2023-11-09,1015479.6000000001,0.0,0.0,0.0,76.74418604651163,0
2023-11-10,1015479.6000000001,0.0,0.0,0.0,39.53488372093023,0
2023-11-13,1015479.6000000001,0.0,0.0,0.0,41.86046511627907,0
2023-11-14,1015479.6000000001,0.0,0.0,0.0,25.581395348837212,0
2023-11-15,1015479.6000000001,0.0,0.0,0.0,11.627906976744185,0
2023-11-16,1015479.6000000001,0.0,0.0,0.0,9.30232558139535,0
2023-11-17,1015479.6000000001,0.0,0.0,0.0,4.651162790697675,0
2023-11-20,1015479.6000000001,0.0,0.0,0.0,0.0,0
2023-11-21,1015479.6000000001,0.0,0.0,0.0,0.0,0
2023-11-22,1015479.6000000001,0.0,0.0,0.0,0.0,0
2023-11-23,1015479.6000000001,0.0,0.0,0.0,0.0,0
2023-11-24,1015479.6000000001,0.0,0.0,0.0,0.0,0
2023-11-27,1015479.6000000001,0.0,0.0,0.0,95.23809523809523,2
2023-11-28,1016799.6000000001,14.932307622586173,-0.3985243225941646,-1737.629638615256,86.04651162790698,2
2023-11-29,1015959.6000000001,25.84612523649028,-0.3686112486824419,-1635.7987430726398,88.37209302325581,2
2023-11-30,1014119.6000000001,37.83624489545836,-0.3365664344192878,-1475.6121940913831,60.46511627906976,2
2023-12-01,1017999.6000000001,22.740070040644753,-0.42073254235368196,-1609.427297523846,83.72093023255815,2
2023-12-04,1016499.6000000001,29.897341728732208,-0.4016714046549612,-1460.6457755834122,90.69767441860465,2
2023-12-05,1008939.6000000001,60.48225839518524,-0.2274686991224676,-1016.4530677076165,65.11627906976744,2
2023-12-06,1012859.6000000001,58.94702439972116,-0.2739034691988609,-1039.2982612267915,46.51162790697674,2
2023-12-07,1014399.6000000001,64.62200676567134,-0.28680611580180215,-948.9049395369185,44.18604651162791,2
2023-12-08,1013859.6000000001,74.05016351868461,-0.24872941003386773,-744.282644192431,30.23255813953488,2
2023-12-11,1019539.6000000001,57.25949383194679,-0.4014064346961316,-984.252625829494,37.2093023255814,2
2023-12-12,1021119.6000000001,63.041045626605076,-0.4355270968999253,-888.5329064590146,27.906976744186046,2
2023-12-13,1016819.6000000001,86.21054672841532,-0.21661415558862268,-411.12585794571766,11.627906976744185,2
2023-12-14,1014839.6000000001,71.99827339392867,-0.13257192780499033,-549.369768954787,4.651162790697675,2
2023-12-15,1010699.6000000001,77.01234765414344,-0.1189485740632578,-475.39755145887017,4.651162790697675,2
2023-12-18,1015479.6000000001,0.0,0.0,0.0,0.0,2
2023-12-19,1015479.6000000001,0.0,0.0,0.0,0.0,2
2023-12-20,1015479.6000000001,0.0,0.0,0.0,0.0,2
2023-12-21,1015479.6000000001,0.0,0.0,0.0,0.0,2
2023-12-22,1015479.6000000001,0.0,0.0,0.0,0.0,2
2023-12-25,1015479.6000000001,0.0,0.0,0.0,0.0,2
2023-12-26,1015479.6000000001,0.0,0.0,0.0,0.0,2
2023-12-27,1015479.6000000001,0.0,0.0,0.0,0.0,2
2023-12-28,1015479.6000000001,0.0,0.0,0.0,100.0,2
2023-12-29,1015479.6000000001,0.0,0.0,0.0,100.0,2
2024-01-02,1000234.5000000001,0.0,0.0,0.0,85.71428571428571,2
2024-01-03,1001174.5000000001,-16.51375014845027,-0.40277809463546105,-1514.9110522730036,69.04761904761905,2
2024-01-04,1000814.5000000001,0.37687923163457526,-0.395836272375703,-1510.2926330507587,78.57142857142857,2
2024-01-05,997694.5000000001,38.491172876639716,-0.32871613147852724,-1278.9700611864412,85.71428571428571,4
2024-01-08,976334.5000000001,65.49550907361188,-0.4859116354057562,-2304.703687624225,100.0,4
2024-01-09,985114.5000000001,72.89187449535503,-0.5715087907913831,-2158.464254446375,88.09523809523809,4
2024-01-10,983034.5000000001,96.0595585865853,-0.5179723094214745,-1920.5838418559883,90.47619047619048,4
2024-01-11,995694.5000000001,46.26265103577725,-0.688248255423601,-2170.406128644693,47.61904761904761,4
2024-01-12,994914.5000000001,74.40671573634363,-0.6871822217421175,-1944.5597283071784,40.476190476190474,4
2024-01-15,995194.5000000001,90.84108178511516,-0.7357781384426223,-1648.4548553903378,30.952380952380953,4
2024-01-16,992774.5000000001,104.0225202846911,-0.6864465639478903,-1501.9924285021004,33.33333333333333,4
2024-01-17,963374.5000000001,145.89092063259142,-0.2691632267037069,-950.5682334358371,18.6046511627907,4
2024-01-18,964814.5000000001,162.2326285046974,-0.22248285080730174,-699.9266728278155,13.636363636363635,4
2024-01-19,959314.5000000001,184.98604942693404,-0.1299894628082035,-323.6013427682735,13.333333333333334,4
2024-01-22,1000234.5000000001,0.0,0.0,0.0,0.0,4
2024-01-23,1000234.5000000001,0.0,0.0,0.0,0.0,4
2024-01-24,1000234.5000000001,0.0,0.0,0.0,0.0,4
2024-01-25,1000234.5000000001,0.0,0.0,0.0,0.0,4
2024-01-26,1000234.5000000001,0.0,0.0,0.0,0.0,4
2024-01-29,1000234.5000000001,0.0,0.0,0.0,100.0,4
2024-01-30,1000234.5000000001,0.0,0.0,0.0,100.0,4
2024-01-31,851840.9000000001,0.0,0.0,0.0,97.61904761904762,2
2024-02-01,854020.9000000001,6.179991317467234,-0.2355481960908286,-1258.9537816850789,92.85714285714286,2
2024-02-02,845620.9000000001,39.44551718684191,-0.1823380023910815,-1034.356544199385,90.47619047619048,4
2024-02-05,796260.9000000001,103.08428654574061,-0.23228115433869742,-1556.9086466095212,100.0,6
2024-02-06,845200.9000000001,-37.39207984881687,-0.5683370262315776,-2574.273264692183,85.71428571428571,6
2024-02-07,837720.9000000001,-155.47495620705448,-0.5946204158724759,-2160.1959838680054,71.42857142857143,6
2024-02-08,806780.9000000001,-266.1003740262772,-0.2863479974247643,-830.5360913087173,50.0,6
2024-02-19,810140.9000000001,-286.383144571422,-0.13749651557976217,-257.1450327762866,0.0,6
2024-02-20,851840.9000000001,0.0,0.0,0.0,0.0,6
2024-02-21,851840.9000000001,0.0,0.0,0.0,0.0,6
2024-02-22,851840.9000000001,0.0,0.0,0.0,0.0,6
2024-02-23,851840.9000000001,0.0,0.0,0.0,0.0,6
2024-02-26,851840.9000000001,0.0,0.0,0.0,92.6829268292683,6
2024-02-27,851840.9000000001,0.0,0.0,0.0,92.85714285714286,6
2024-02-28,851840.9000000001,0.0,0.0,0.0,97.67441860465115,6
2024-02-29,702099.4000000001,0.0,0.0,0.0,93.02325581395348,2
2024-03-01,703379.4000000001,-5.947479912373602,-0.2168484897515917,-1483.0003256320565,88.37209302325581,2
2024-03-04,704619.4000000001,-11.935196986458244,-0.2315843562234401,-1401.6358199985843,74.4186046511628,2
2024-03-05,706039.4000000001,1.030391756927763,-0.2567905094684111,-1377.165339700154,72.09302325581395,2
2024-03-06,709219.4000000001,0.002133790548263903,-0.2809185832693371,-1352.3279568623325,67.44186046511628,2
2024-03-07,709239.4000000001,22.73941893754305,-0.2805253666684979,-1249.9861629252227,65.11627906976744,2
2024-03-08,716999.4000000001,6.80597328453176,-0.4178777567345988,-1289.425989090406,37.2093023255814,2
2024-03-11,717259.4000000001,-33.831876872974426,-0.40227867097705444,-1115.6182999593052,34.883720930232556,2
2024-03-12,718439.4000000001,-54.96274408150083,-0.4149450415770868,-898.5266460557807,30.23255813953488,2
2024-03-13,718939.4000000001,-52.36783021212142,-0.3034534076490721,-882.2253191056458,18.6046511627907,2
2024-03-14,723159.4000000001,-49.93417189707939,-0.38327842170553666,-851.3039483371749,13.953488372093023,2
2024-03-15,721759.4000000001,-72.18680801044638,-0.15166086970765796,-495.17614517841054,13.953488372093023,2
2024-03-18,702099.4000000001,0.0,0.0,0.0,0.0,2
2024-03-19,702099.4000000001,0.0,0.0,0.0,0.0,2
2024-03-20,702099.4000000001,0.0,0.0,0.0,0.0,2
2024-03-21,702099.4000000001,0.0,0.0,0.0,0.0,2
2024-03-22,702099.4000000001,0.0,0.0,0.0,0.0,2
2024-03-25,702099.4000000001,0.0,0.0,0.0,0.0,2
2024-03-26,702099.4000000001,0.0,0.0,0.0,0.0,2
2024-03-27,702099.4000000001,0.0,0.0,0.0,0.0,2
2024-03-28,702099.4000000001,0.0,0.0,0.0,80.48780487804879,2
2024-03-29,702099.4000000001,0.0,0.0,0.0,66.66666666666666,2
2024-04-01,716993.8000000002,0.0,0.0,0.0,62.7906976744186,0
2024-04-02,716993.8000000002,0.0,0.0,0.0,60.46511627906976,0
2024-04-03,716993.8000000002,0.0,0.0,0.0,58.139534883720934,0
2024-04-08,716993.8000000002,0.0,0.0,0.0,48.837209302325576,0
2024-04-09,716993.8000000002,0.0,0.0,0.0,44.18604651162791,0
2024-04-10,716993.8000000002,0.0,0.0,0.0,39.53488372093023,0
2024-04-11,716993.8000000002,0.0,0.0,0.0,34.883720930232556,0
2024-04-12,716993.8000000002,0.0,0.0,0.0,27.906976744186046,0
2024-04-15,716993.8000000002,0.0,0.0,0.0,25.581395348837212,0
2024-04-16,716993.8000000002,0.0,0.0,0.0,41.86046511627907,0
2024-04-17,716993.8000000002,0.0,0.0,0.0,18.6046511627907,0
2024-04-18,716993.8000000002,0.0,0.0,0.0,11.627906976744185,0
2024-04-19,716993.8000000002,0.0,0.0,0.0,2.3255813953488373,0
2024-04-22,716993.8000000002,0.0,0.0,0.0,0.0,0
2024-04-23,716993.8000000002,0.0,0.0,0.0,0.0,0
2024-04-24,716993.8000000002,0.0,0.0,0.0,0.0,0
2024-04-25,716993.8000000002,0.0,0.0,0.0,0.0,0
2024-04-26,716993.8000000002,0.0,0.0,0.0,0.0,0
2024-04-29,716993.8000000002,0.0,0.0,0.0,62.5,0
2024-04-30,716993.8000000002,0.0,0.0,0.0,46.34146341463415,0
2024-05-06,716993.8000000002,0.0,0.0,0.0,42.857142857142854,0
2024-05-07,716993.8000000002,0.0,0.0,0.0,34.883720930232556,0
2024-05-08,716993.8000000002,0.0,0.0,0.0,34.883720930232556,0
2024-05-09,716993.8000000002,0.0,0.0,0.0,20.930232558139537,0
2024-05-10,716993.8000000002,0.0,0.0,0.0,16.27906976744186,0
2024-05-13,716993.8000000002,0.0,0.0,0.0,18.6046511627907,0
2024-05-14,716993.8000000002,0.0,0.0,0.0,13.953488372093023,0
2024-05-15,716993.8000000002,0.0,0.0,0.0,16.27906976744186,0
2024-05-16,716993.8000000002,0.0,0.0,0.0,4.651162790697675,0
2024-05-17,716993.8000000002,0.0,0.0,0.0,6.976744186046512,0
2024-05-20,716993.8000000002,0.0,0.0,0.0,0.0,0
2024-05-21,716993.8000000002,0.0,0.0,0.0,0.0,0
2024-05-22,716993.8000000002,0.0,0.0,0.0,0.0,0
2024-05-23,716993.8000000002,0.0,0.0,0.0,0.0,0
2024-05-24,716993.8000000002,0.0,0.0,0.0,0.0,0
2024-05-27,716993.8000000002,0.0,0.0,0.0,0.0,0
2024-05-28,716993.8000000002,0.0,0.0,0.0,82.92682926829268,2
2024-05-29,718173.8000000002,7.481687771088303,-0.28009086272500744,-1512.9548858914868,78.04878048780488,2
2024-05-30,718953.8000000002,12.140556469859021,-0.2732943793595462,-1473.8557665182007,75.60975609756098,2
2024-05-31,720533.8000000002,7.192869597738806,-0.29172457086349274,-1467.506184318636,63.41463414634146,2
2024-06-03,717493.8000000002,26.405766651437133,-0.265160081715155,-1294.9848939411168,63.41463414634146,2
2024-06-04,720853.8000000002,21.085398025322114,-0.3004319087835449,-1309.4401446228906,65.85365853658537,2
2024-06-05,718193.8000000002,39.468954349908415,-0.2604277770325347,-1143.1767932903304,58.536585365853654,2
2024-06-06,710353.8000000002,58.59551770249442,-0.18658421945814505,-892.6590941467166,68.29268292682927,2
2024-06-07,712873.8000000002,59.420483322464996,-0.19816318864236504,-854.4153377364489,58.536585365853654,2
2024-06-11,718273.8000000002,57.7988227458181,-0.24306053752317136,-810.1425523673524,41.46341463414634,2
2024-06-12,719933.8000000002,58.23006826663087,-0.2557987447259603,-770.6904288615839,26.82926829268293,2
2024-06-13,717933.8000000002,68.49023380403489,-0.20705531198398436,-607.1658719975384,24.390243902439025,2
2024-06-14,720033.8000000002,75.4092386166735,-0.22048054100305217,-520.0175708738875,14.634146341463413,2
2024-06-17,720693.8000000002,80.06036672650238,-0.1920298530613877,-386.20777059345687,9.75609756097561,2
2024-06-18,725913.8000000002,83.1457728295862,-0.2558857424908302,-349.7630043417997,2.4390243902439024,2
2024-06-19,718593.8000000002,84.59817228664909,-0.14357404454707356,-280.6400922278799,2.380952380952381,2
2024-06-20,709673.8000000002,93.77062389638421,-0.07131839376556565,-133.59131563681345,4.651162790697675,2
2024-06-21,709493.8000000002,99.02273279879948,-0.022302577524850715,-27.067574924853286,2.272727272727273,2
2024-06-24,716993.8000000002,0.0,0.0,0.0,0.0,2
2024-06-25,716993.8000000002,0.0,0.0,0.0,0.0,2
2024-06-26,716993.8000000002,0.0,0.0,0.0,0.0,2
2024-06-27,716993.8000000002,0.0,0.0,0.0,82.22222222222221,2
2024-06-28,716993.8000000002,0.0,0.0,0.0,78.26086956521739,2
2024-07-01,697638.5000000002,0.0,0.0,0.0,82.6086956521739,2
2024-07-02,698218.5000000002,22.047194276391522,-0.2865781437826928,-1273.19874213109,80.43478260869566,2
2024-07-03,698118.5000000002,34.79638115994955,-0.2828964992802482,-1161.4168035521895,58.69565217391305,2
2024-07-04,691918.5000000002,58.31912744567951,-0.2068087960352557,-872.2061937026568,58.69565217391305,2
2024-07-05,696298.5000000002,52.404842803559525,-0.25014561924406636,-936.8733999229653,47.82608695652174,2
2024-07-08,686178.5000000002,67.817349003186,-0.15680121081354725,-658.9016046731712,56.52173913043478,2
2024-07-09,695558.5000000002,56.3491732777689,-0.2376691492871171,-815.96022087479,45.65217391304348,2
2024-07-10,695538.5000000002,63.78547359082863,-0.22686573616192945,-713.0583288180183,43.47826086956522,2
2024-07-11,704618.5000000002,39.288464794751754,-0.37963213033928933,-960.1320535192274,36.95652173913043,2
2024-07-12,705398.5000000002,50.78060918715673,-0.38706538966354476,-838.6759372913908,26.08695652173913,2
2024-07-15,701858.5000000002,68.48689135474609,-0.2739370925965272,-559.2228443709205,17.391304347826086,2
2024-07-16,703218.5000000002,70.88033021623482,-0.28020135250325173,-508.9574206644778,4.3478260869565215,2
2024-07-17,700938.5000000002,86.78999397005927,-0.17502870280387428,-272.35336331281286,4.3478260869565215,2
2024-07-18,702678.5000000002,87.57821592116913,-0.17453454480643318,-244.89849455049725,0.0,2
2024-07-19,704038.5000000002,93.16823586343267,-0.1414443010644525,-149.3262384079502,0.0,2
2024-07-22,697638.5000000002,0.0,0.0,0.0,0.0,2
2024-07-23,697638.5000000002,0.0,0.0,0.0,0.0,2
2024-07-24,697638.5000000002,0.0,0.0,0.0,0.0,2
2024-07-25,697638.5000000002,0.0,0.0,0.0,0.0,2
2024-07-26,697638.5000000002,0.0,0.0,0.0,0.0,2
2024-07-29,697638.5000000002,0.0,0.0,0.0,73.91304347826086,2
2024-07-30,697638.5000000002,0.0,0.0,0.0,78.26086956521739,2
2024-07-31,710626.6000000002,0.0,0.0,0.0,71.73913043478261,0
2024-08-01,710626.6000000002,0.0,0.0,0.0,60.86956521739131,0
2024-08-02,710626.6000000002,0.0,0.0,0.0,56.52173913043478,0
2024-08-05,710626.6000000002,0.0,0.0,0.0,78.26086956521739,0
2024-08-06,710626.6000000002,0.0,0.0,0.0,54.347826086956516,0
2024-08-07,710626.6000000002,0.0,0.0,0.0,45.65217391304348,0
2024-08-08,710626.6000000002,0.0,0.0,0.0,34.78260869565217,0
2024-08-09,710626.6000000002,0.0,0.0,0.0,39.130434782608695,0
2024-08-12,710626.6000000002,0.0,0.0,0.0,28.26086956521739,0
2024-08-13,710626.6000000002,0.0,0.0,0.0,23.91304347826087,0
2024-08-14,710626.6000000002,0.0,0.0,0.0,17.02127659574468,0
2024-08-15,710626.6000000002,0.0,0.0,0.0,18.75,0
2024-08-16,710626.6000000002,0.0,0.0,0.0,8.16326530612245,0
2024-08-19,710626.6000000002,0.0,0.0,0.0,0.0,0
2024-08-20,710626.6000000002,0.0,0.0,0.0,0.0,0
2024-08-21,710626.6000000002,0.0,0.0,0.0,0.0,0
2024-08-22,710626.6000000002,0.0,0.0,0.0,0.0,0
2024-08-23,710626.6000000002,0.0,0.0,0.0,0.0,0
2024-08-26,710626.6000000002,0.0,0.0,0.0,0.0,0
2024-08-27,710626.6000000002,0.0,0.0,0.0,0.0,0
2024-08-28,710626.6000000002,0.0,0.0,0.0,75.55555555555556,0
2024-08-29,710626.6000000002,0.0,0.0,0.0,75.55555555555556,0
2024-08-30,710626.6000000002,0.0,0.0,0.0,57.77777777777777,0
2024-09-02,710626.6000000002,0.0,0.0,0.0,71.11111111111111,0
2024-09-03,710626.6000000002,0.0,0.0,0.0,60.0,0
2024-09-04,710626.6000000002,0.0,0.0,0.0,57.77777777777777,0
2024-09-05,710626.6000000002,0.0,0.0,0.0,46.666666666666664,0
2024-09-06,710626.6000000002,0.0,0.0,0.0,60.0,0
2024-09-09,710626.6000000002,0.0,0.0,0.0,37.77777777777778,0
2024-09-10,710626.6000000002,0.0,0.0,0.0,37.77777777777778,0
2024-09-11,710626.6000000002,0.0,0.0,0.0,33.33333333333333,0
2024-09-12,710626.6000000002,0.0,0.0,0.0,22.22222222222222,0
2024-09-13,710626.6000000002,0.0,0.0,0.0,13.333333333333334,0
2024-09-18,710626.6000000002,0.0,0.0,0.0,4.444444444444445,0
2024-09-19,710626.6000000002,0.0,0.0,0.0,19.565217391304348,0
2024-09-20,710626.6000000002,0.0,0.0,0.0,2.127659574468085,0
2024-09-23,710626.6000000002,0.0,0.0,0.0,0.0,0
2024-09-24,710626.6000000002,0.0,0.0,0.0,0.0,0
2024-09-25,710626.6000000002,0.0,0.0,0.0,0.0,0
2024-09-26,710626.6000000002,0.0,0.0,0.0,0.0,0
2024-09-27,710626.6000000002,0.0,0.0,0.0,100.0,2
2024-09-30,666606.6000000002,-55.685466222466,-0.07022307783260133,-1159.8896001849675,0.0,2
2024-10-08,642226.6000000002,-86.56353254525132,-0.0338003505264013,-487.372833214396,100.0,4
2024-10-09,698166.6000000002,-31.443486684663853,-0.1790507173816204,-1704.5911032498302,97.67441860465115,6
2024-10-10,716426.6000000002,6.202853842062666,-0.3640073064343637,-2668.9195244514367,93.02325581395348,8
2024-10-11,695266.6000000002,123.32169194470481,-0.5173214284959436,-3476.9899901170334,93.02325581395348,10
2024-10-14,758426.6000000002,-39.30291092558836,-0.9074215412640529,-3459.7665611979123,79.06976744186046,10
2024-10-15,773526.6000000002,76.80256078684391,-1.0373916434970343,-3048.9602781660897,65.11627906976744,10
2024-10-16,772346.6000000002,50.353493955179175,-1.1452849891347643,-2837.0210249847496,34.883720930232556,10
2024-10-17,786046.6000000002,102.90106278003748,-1.1020809444277875,-2262.717664518788,30.23255813953488,10
2024-10-18,779426.6000000002,-84.30814881800539,-1.0670119577536232,-1241.8987543176497,2.3255813953488373,10
2024-10-21,710626.6000000002,0.0,0.0,0.0,0.0,10
2024-10-22,710626.6000000002,0.0,0.0,0.0,0.0,10
2024-10-23,710626.6000000002,0.0,0.0,0.0,0.0,10
2024-10-24,710626.6000000002,0.0,0.0,0.0,0.0,10
2024-10-25,710626.6000000002,0.0,0.0,0.0,0.0,10
2024-10-28,710626.6000000002,0.0,0.0,0.0,95.1219512195122,10
2024-10-29,710626.6000000002,0.0,0.0,0.0,90.47619047619048,10
2024-10-30,710626.6000000002,0.0,0.0,0.0,90.69767441860465,10
2024-10-31,679047.7000000004,0.0,0.0,0.0,93.02325581395348,2
2024-11-01,670847.7000000004,34.623347109743335,-0.14167274285981266,-1450.9296721986038,95.34883720930233,4
2024-11-04,680487.7000000004,5.291316151783754,-0.3323778221257479,-3031.8108320391634,88.37209302325581,4
2024-11-05,676967.7000000004,-64.57239435590184,-0.30625833976407124,-2820.219308658735,83.72093023255815,4
2024-11-06,686867.7000000004,-84.24400609773508,-0.34615902679784105,-2564.7074962979586,72.09302325581395,4
2024-11-07,679707.7000000004,-127.52222255075931,-0.2897120925389347,-1956.7297784373816,69.76744186046511,4
2024-11-08,681547.7000000004,-137.01045208997667,-0.28755322151323215,-1781.0094750460833,67.44186046511628,4
2024-11-11,667107.7000000004,-171.71771012967173,-0.15557342112690128,-940.4926376846016,58.139534883720934,4
2024-11-12,683487.7000000004,-163.3759967987788,-0.20658367156712543,-1078.9729819977558,34.883720930232556,4
2024-11-13,687227.7000000004,-167.24570987168198,-0.19669275586292767,-926.8504210720382,27.906976744186046,4
2024-11-14,715927.7000000004,-134.67338816946716,-0.6004298857197895,-1382.9057083839054,25.581395348837212,4
2024-11-15,734287.7000000004,-32.42186913953461,-0.6019903364360234,-1653.4987176174286,0.0,4
2024-11-18,679047.7000000004,0.0,0.0,0.0,0.0,4
2024-11-19,679047.7000000004,0.0,0.0,0.0,0.0,4
2024-11-20,679047.7000000004,0.0,0.0,0.0,0.0,4
2024-11-21,679047.7000000004,0.0,0.0,0.0,0.0,4
2024-11-22,679047.7000000004,0.0,0.0,0.0,0.0,4
2024-11-25,679047.7000000004,0.0,0.0,0.0,0.0,4
2024-11-26,679047.7000000004,0.0,0.0,0.0,0.0,4
2024-11-27,679047.7000000004,0.0,0.0,0.0,90.2439024390244,4
2024-11-28,679047.7000000004,0.0,0.0,0.0,78.57142857142857,4
2024-11-29,679047.7000000004,0.0,0.0,0.0,74.4186046511628,4
2024-12-02,714726.1000000003,0.0,0.0,0.0,76.74418604651163,0
2024-12-03,714726.1000000003,0.0,0.0,0.0,72.09302325581395,0
2024-12-04,714726.1000000003,0.0,0.0,0.0,62.7906976744186,0
2024-12-05,714726.1000000003,0.0,0.0,0.0,58.139534883720934,0
2024-12-06,714726.1000000003,0.0,0.0,0.0,53.48837209302325,0
2024-12-09,714726.1000000003,0.0,0.0,0.0,53.48837209302325,0
2024-12-10,714726.1000000003,0.0,0.0,0.0,44.18604651162791,0
2024-12-11,714726.1000000003,0.0,0.0,0.0,41.86046511627907,0
2024-12-12,714726.1000000003,0.0,0.0,0.0,39.53488372093023,0
2024-12-13,714726.1000000003,0.0,0.0,0.0,30.23255813953488,0
2024-12-16,714726.1000000003,0.0,0.0,0.0,27.906976744186046,0
2024-12-17,714726.1000000003,0.0,0.0,0.0,23.25581395348837,0
2024-12-18,714726.1000000003,0.0,0.0,0.0,11.627906976744185,0
2024-12-19,714726.1000000003,0.0,0.0,0.0,6.976744186046512,0
2024-12-20,714726.1000000003,0.0,0.0,0.0,9.30232558139535,0
2024-12-23,714726.1000000003,0.0,0.0,0.0,0.0,0
2024-12-24,714726.1000000003,0.0,0.0,0.0,0.0,0
2024-12-25,714726.1000000003,0.0,0.0,0.0,0.0,0
2024-12-26,714726.1000000003,0.0,0.0,0.0,0.0,0
2024-12-27,714726.1000000003,0.0,0.0,0.0,0.0,0
2024-12-30,714726.1000000003,0.0,0.0,0.0,54.761904761904766,0
2024-12-31,714726.1000000003,0.0,0.0,0.0,58.139534883720934,0
2025-01-02,714726.1000000003,0.0,0.0,0.0,53.48837209302325,0
2025-01-03,714726.1000000003,0.0,0.0,0.0,48.837209302325576,0
2025-01-06,714726.1000000003,0.0,0.0,0.0,46.51162790697674,0
2025-01-07,714726.1000000003,0.0,0.0,0.0,41.86046511627907,0
2025-01-08,714726.1000000003,0.0,0.0,0.0,34.883720930232556,0
2025-01-09,714726.1000000003,0.0,0.0,0.0,32.55813953488372,0
2025-01-10,714726.1000000003,0.0,0.0,0.0,30.23255813953488,0
2025-01-13,714726.1000000003,0.0,0.0,0.0,25.581395348837212,0
2025-01-14,714726.1000000003,0.0,0.0,0.0,16.27906976744186,0
2025-01-15,714726.1000000003,0.0,0.0,0.0,9.090909090909092,0
2025-01-16,714726.1000000003,0.0,0.0,0.0,2.2222222222222223,0
2025-01-17,714726.1000000003,0.0,0.0,0.0,2.1739130434782608,0
2025-01-20,714726.1000000003,0.0,0.0,0.0,0.0,0
2025-01-21,714726.1000000003,0.0,0.0,0.0,0.0,0
2025-01-22,714726.1000000003,0.0,0.0,0.0,0.0,0
2025-01-23,714726.1000000003,0.0,0.0,0.0,0.0,0
2025-01-24,714726.1000000003,0.0,0.0,0.0,0.0,0
2025-01-27,714726.1000000003,0.0,0.0,0.0,0.0,0
2025-02-05,714726.1000000003,0.0,0.0,0.0,59.523809523809526,0
2025-02-06,714726.1000000003,0.0,0.0,0.0,57.14285714285714,0
2025-02-07,714726.1000000003,0.0,0.0,0.0,52.38095238095239,0
2025-02-10,714726.1000000003,0.0,0.0,0.0,52.38095238095239,0
2025-02-11,714726.1000000003,0.0,0.0,0.0,42.857142857142854,0
2025-02-12,714726.1000000003,0.0,0.0,0.0,42.857142857142854,0
2025-02-13,714726.1000000003,0.0,0.0,0.0,33.33333333333333,0
2025-02-14,714726.1000000003,0.0,0.0,0.0,26.190476190476193,0
2025-02-17,714726.1000000003,0.0,0.0,0.0,21.428571428571427,0
2025-02-18,714726.1000000003,0.0,0.0,0.0,16.666666666666664,0
2025-02-19,714726.1000000003,0.0,0.0,0.0,14.285714285714285,0
2025-02-20,714726.1000000003,0.0,0.0,0.0,11.627906976744185,0
2025-02-21,714726.1000000003,0.0,0.0,0.0,0.0,0
2025-02-24,714726.1000000003,0.0,0.0,0.0,0.0,0
2025-02-25,714726.1000000003,0.0,0.0,0.0,84.44444444444444,2
2025-02-26,715326.1000000003,-40.42642223999985,-0.2305082726902269,-1593.841300413003,89.13043478260869,4
2025-02-27,716126.1000000003,-16.859124591665697,-0.43818247670665866,-3495.011114665541,76.59574468085107,4
2025-02-28,703426.1000000003,71.04745311637762,-0.344074781678196,-3068.9316301728577,79.16666666666666,4
2025-03-03,707086.1000000003,77.46820052174891,-0.3635231436251936,-2817.911777530058,64.58333333333334,4
2025-03-04,715866.1000000003,50.180241668924126,-0.4312330911265263,-3008.7282202480874,68.75,4
2025-03-05,720766.1000000003,35.359287645973026,-0.48092424578962006,-3024.2515083996404,62.5,4
2025-03-06,729106.1000000003,-36.88005272418597,-0.5126217977870031,-2914.1662202730813,64.58333333333334,4
2025-03-07,732826.1000000003,-23.12038957972446,-0.5639102601343428,-2872.8638703241486,62.5,4
2025-03-10,733586.1000000003,-11.029236892691912,-0.4900351052899698,-2847.4407841768684,64.58333333333334,4
2025-03-11,735766.1000000003,-27.579394436990782,-0.5084000834724297,-2764.978731860228,54.166666666666664,4
2025-03-12,738746.1000000003,-36.1054216468103,-0.5473235917392121,-2661.69850547921,43.75,4
2025-03-13,739806.1000000003,6.203201476299313,-0.6535014739075001,-2479.060307025383,37.5,4
2025-03-14,742746.1000000003,-62.64205966584998,-0.6277694243770053,-2156.8511049889357,35.41666666666667,4
2025-03-17,747766.1000000003,-57.87360301579972,-0.6933209548236634,-2121.6872612091934,29.166666666666668,4
2025-03-18,749206.1000000003,-79.60967535227212,-0.7633674762161866,-1890.7149141582713,20.833333333333336,4
2025-03-19,752986.1000000003,-45.362685696501345,-0.8298004449224015,-1870.8572135298973,18.75,4
2025-03-20,758326.1000000003,-17.59820676182666,-0.9527233887613313,-1559.3636287565953,10.416666666666668,4
2025-03-21,761206.1000000003,11.330905167852464,-3.674694639418329,-1024.9258769009896,0.0,4
2025-03-24,714726.1000000003,0.0,0.0,0.0,0.0,4
2025-03-25,714726.1000000003,0.0,0.0,0.0,0.0,4
2025-03-26,714726.1000000003,0.0,0.0,0.0,0.0,4
2025-03-27,714726.1000000003,0.0,0.0,0.0,0.0,4
2025-03-28,714726.1000000003,0.0,0.0,0.0,69.56521739130434,4
2025-03-31,726535.9000000004,0.0,0.0,0.0,61.702127659574465,0
2025-04-01,726535.9000000004,0.0,0.0,0.0,60.416666666666664,0
2025-04-02,726535.9000000004,0.0,0.0,0.0,57.14285714285714,0
2025-04-03,726535.9000000004,0.0,0.0,0.0,53.06122448979592,0
2025-04-07,726535.9000000004,0.0,0.0,0.0,100.0,2
2025-04-08,742935.9000000004,-30.46858456658269,-0.1839756945704324,-1204.382007579572,95.91836734693877,4
2025-04-09,749615.9000000004,-89.15149708117139,-0.3453233128682136,-1877.7951729856331,87.75510204081633,4
2025-04-10,742615.9000000004,-129.94961173220852,-0.32510050745484026,-1625.69331409287,61.224489795918366,4
2025-04-11,735615.9000000004,-148.78902014084537,-0.24643412058289055,-1294.4183013859395,44.89795918367347,4
2025-04-14,731515.9000000004,-174.95094955425137,-0.16390541708428225,-703.0431024626762,36.734693877551024,4
2025-04-15,733935.9000000004,-178.27431427205164,-0.1594302316476835,-593.9236541584116,30.612244897959183,4
2025-04-16,746355.9000000004,-168.5693494614186,-0.23127713534488636,-744.3357050927458,10.204081632653061,4
2025-04-17,742715.9000000004,-179.7973580273481,-0.1559483890012198,-450.9513619250309,8.16326530612245,4
2025-04-18,746435.9000000004,-178.9041510190046,-0.1532429795126202,-452.7613181836274,2.0408163265306123,4
2025-04-21,726535.9000000004,0.0,0.0,0.0,0.0,4
2025-04-22,726535.9000000004,0.0,0.0,0.0,0.0,4
2025-04-23,726535.9000000004,0.0,0.0,0.0,0.0,4
2025-04-24,726535.9000000004,0.0,0.0,0.0,0.0,4
2025-04-25,726535.9000000004,0.0,0.0,0.0,0.0,4
2025-04-28,726535.9000000004,0.0,0.0,0.0,70.2127659574468,4
2025-04-29,726535.9000000004,0.0,0.0,0.0,77.08333333333334,4
2025-04-30,721752.5000000002,0.0,0.0,0.0,61.224489795918366,0
2025-05-06,721752.5000000002,0.0,0.0,0.0,46.0,0
2025-05-07,721752.5000000002,0.0,0.0,0.0,38.0,0
2025-05-08,721752.5000000002,0.0,0.0,0.0,30.0,0
2025-05-09,721752.5000000002,0.0,0.0,0.0,24.0,0
2025-05-12,721752.5000000002,0.0,0.0,0.0,24.0,0
2025-05-13,721752.5000000002,0.0,0.0,0.0,18.0,0
2025-05-14,721752.5000000002,0.0,0.0,0.0,10.0,0
2025-05-15,721752.5000000002,0.0,0.0,0.0,6.0,0
2025-05-16,721752.5000000002,0.0,0.0,0.0,8.0,0
2025-05-19,721752.5000000002,0.0,0.0,0.0,0.0,0
2025-05-20,721752.5000000002,0.0,0.0,0.0,0.0,0
2025-05-21,721752.5000000002,0.0,0.0,0.0,0.0,0
2025-05-22,721752.5000000002,0.0,0.0,0.0,0.0,0
2025-05-23,721752.5000000002,0.0,0.0,0.0,0.0,0
2025-05-26,721752.5000000002,0.0,0.0,0.0,0.0,0
2025-05-27,721752.5000000002,0.0,0.0,0.0,0.0,0
2025-05-28,721752.5000000002,0.0,0.0,0.0,81.81818181818183,2
2025-05-29,724732.5000000002,-36.84120922801914,-0.2976653197792206,-1520.1253495515562,56.81818181818182,2
2025-05-30,726692.5000000002,-16.06425628882971,-0.3397148145618137,-1649.4567104338257,50.0,2
2025-06-03,727952.5000000002,-36.71286203822376,-0.3709728018603445,-1380.6356223568796,43.18181818181818,2
2025-06-04,727492.5000000002,-31.64138139274374,-0.202219476643751,-1443.6797841265359,61.36363636363637,2
2025-06-05,726492.5000000002,-41.49968896474246,-0.1953972782485791,-1333.614731118927,47.72727272727273,2
2025-06-06,727772.5000000002,-40.61374421021331,-0.2094117444770171,-1311.4610577954913,43.18181818181818,2
2025-06-09,725672.5000000002,-57.25385264659708,-0.18897309675791585,-1037.9461175395916,34.090909090909086,2
2025-06-10,729572.5000000002,-46.49245511859342,-0.22382872964629721,-1137.5282253025475,38.63636363636363,2
2025-06-11,728772.5000000002,-54.209834640777075,-0.21498137215014798,-1019.4334167406128,29.545454545454547,2
2025-06-12,728252.5000000002,-56.315737597873465,-0.2135992664948344,-966.2556998008986,25.0,2
2025-06-13,733172.5000000002,-67.29986302939415,-0.33221419003665065,-709.4872933437747,36.36363636363637,2
2025-06-16,732312.5000000002,-55.39123559205957,-0.2705618452903752,-844.8016962324402,18.181818181818183,2
2025-06-17,733632.5000000002,-59.214496966271646,-0.278118187717067,-754.4953700673236,13.636363636363635,2
2025-06-18,734732.5000000002,-60.13601420643802,-0.2877480840164647,-708.2797106026079,13.636363636363635,2
2025-06-19,741252.5000000002,-62.04503603404709,-0.8734584672187391,-681.9128593439403,4.545454545454546,2
2025-06-20,746412.5000000002,-44.15057148861094,-6.5800941142996505,-702.5559234933027,2.272727272727273,2
2025-06-23,721752.5000000002,0.0,0.0,0.0,0.0,2
2025-06-24,721752.5000000002,0.0,0.0,0.0,0.0,2
2025-06-25,721752.5000000002,0.0,0.0,0.0,0.0,2
2025-06-26,721752.5000000002,0.0,0.0,0.0,0.0,2
2025-06-27,721752.5000000002,0.0,0.0,0.0,61.36363636363637,2
2025-06-30,712314.4000000003,0.0,0.0,0.0,70.45454545454545,0
2025-07-01,712314.4000000003,0.0,0.0,0.0,68.18181818181817,0
2025-07-02,712314.4000000003,0.0,0.0,0.0,68.18181818181817,0
2025-07-03,712314.4000000003,0.0,0.0,0.0,52.27272727272727,0
2025-07-04,712314.4000000003,0.0,0.0,0.0,61.36363636363637,0
2025-07-07,712314.4000000003,0.0,0.0,0.0,52.27272727272727,0
2025-07-08,712314.4000000003,0.0,0.0,0.0,47.72727272727273,0
2025-07-09,712314.4000000003,0.0,0.0,0.0,36.36363636363637,0
2025-07-10,712314.4000000003,0.0,0.0,0.0,27.27272727272727,0
2025-07-11,712314.4000000003,0.0,0.0,0.0,27.27272727272727,0
2025-07-14,712314.4000000003,0.0,0.0,0.0,22.727272727272727,0
2025-07-15,712314.4000000003,0.0,0.0,0.0,9.090909090909092,0
2025-07-16,712314.4000000003,0.0,0.0,0.0,6.8181818181818175,0
2025-07-17,712314.4000000003,0.0,0.0,0.0,11.363636363636363,0
2025-07-18,712314.4000000003,0.0,0.0,0.0,2.272727272727273,0
2025-07-21,712314.4000000003,0.0,0.0,0.0,0.0,0
2025-07-22,712314.4000000003,0.0,0.0,0.0,0.0,0
2025-07-23,712314.4000000003,0.0,0.0,0.0,0.0,0
2025-07-24,712314.4000000003,0.0,0.0,0.0,0.0,0
2025-07-25,712314.4000000003,0.0,0.0,0.0,0.0,0
2025-07-28,712314.4000000003,0.0,0.0,0.0,100.0,2
2025-07-29,714774.4000000003,0.46931037524743857,-0.2748074209414904,-1955.6565184841306,93.18181818181817,2
2025-07-30,714634.4000000003,15.978369786656195,-0.2730980969960369,-1868.5417906633218,95.45454545454545,2
2025-07-31,713454.4000000003,33.034206412621884,-0.2646315080066595,-1683.1692773193327,75.0,2
2025-08-01,715814.4000000003,34.65391172071239,-0.29295551941607784,-1636.8542300327929,59.09090909090909,2
2025-08-04,721454.4000000003,16.162889840417193,-0.37639544836746386,-1721.1189348200553,59.09090909090909,2
2025-08-05,723814.4000000003,-1.824083527901827,-0.4493248913241683,-1739.0851862496702,47.72727272727273,2
2025-08-06,724214.4000000003,-37.28556066233858,-0.43627087730634995,-1516.3505262024742,40.909090909090914,2
2025-08-07,724894.4000000003,-42.7172470930209,-0.4687949969260051,-1401.4579160629555,36.36363636363637,2
2025-08-08,726314.4000000003,-28.68784098118099,-0.5176515671068944,-1531.9872344512796,29.545454545454547,2
2025-08-11,723154.4000000003,-48.02842304595629,-0.2437340676297665,-1235.0134524518216,29.545454545454547,2
2025-08-12,722334.4000000003,-56.8812549344717,-0.2245391716404285,-1056.0373556667382,20.454545454545457,2
2025-08-13,712614.4000000003,-74.30537839730476,-0.1288268196237618,-708.4925882827232,22.22222222222222,2
2025-08-14,720494.4000000003,-92.02117940658611,-0.15271244355004962,-305.1876618171625,2.1739130434782608,2
2025-08-15,708994.4000000003,-82.55752641288812,-0.08132621288177848,-478.3992575642718,14.893617021276595,2
2025-08-18,712314.4000000003,0.0,0.0,0.0,0.0,2
2025-08-19,712314.4000000003,0.0,0.0,0.0,0.0,2
2025-08-20,712314.4000000003,0.0,0.0,0.0,0.0,2
2025-08-21,712314.4000000003,0.0,0.0,0.0,0.0,2
2025-08-22,712314.4000000003,0.0,0.0,0.0,0.0,2
2025-08-25,712314.4000000003,0.0,0.0,0.0,0.0,2
2025-08-26,712314.4000000003,0.0,0.0,0.0,0.0,2
2025-08-27,712314.4000000003,0.0,0.0,0.0,0.0,2
2025-08-28,712314.4000000003,0.0,0.0,0.0,100.0,2
2025-08-29,712314.4000000003,0.0,0.0,0.0,97.67441860465115,2
2025-09-01,669319.6000000002,0.0,0.0,0.0,97.67441860465115,2
2025-09-02,662459.6000000002,39.2186338898653,-0.142551051309333,-1690.2543117465748,93.02325581395348,4
2025-09-03,657599.6000000002,86.53238949961315,-0.30151900406389376,-3100.2248713299723,90.69767441860465,6
2025-09-04,629619.6000000002,143.92064322202117,-0.408259897586264,-4194.008623985158,90.69767441860465,8
2025-09-05,672079.6000000002,4.101335406421462,-0.7519026868206116,-5980.790698067043,83.72093023255815,8
2025-09-08,683159.6000000002,-30.353632943272636,-0.8185595607377607,-5653.0713470037135,86.04651162790698,8
2025-09-09,683959.6000000002,39.875887594949035,-0.8304319304416548,-5454.686614151345,72.09302325581395,8
2025-09-10,689839.6000000002,35.87128255978554,-0.901704935138202,-5196.77184111591,58.139534883720934,8
2025-09-11,693199.6000000002,-101.07449118739802,-0.8535379235921247,-4724.451674582331,65.11627906976744,8
2025-09-12,703059.6000000002,-103.60541716677676,-0.9313012248867398,-4596.8274907793475,44.18604651162791,8
2025-09-15,707419.6000000002,-99.8109158846565,-0.9824141972058732,-4080.0651391416654,39.53488372093023,8
2025-09-16,702199.6000000002,-169.27726417048623,-1.0061121187593784,-3381.3425525323505,29.545454545454547,8
2025-09-17,683619.6000000002,-229.2556863345423,-0.862576795213831,-2914.4082696198825,33.33333333333333,8
2025-09-18,714299.6000000002,-143.3187135982603,-0.8936822411533356,-2718.324175344306,10.869565217391305,8
2025-09-19,719079.6000000002,-205.23099564586187,-1.061393151196462,-1378.96921803469,0.0,8
2025-09-22,669319.6000000002,0.0,0.0,0.0,0.0,8
2025-09-23,669319.6000000002,0.0,0.0,0.0,0.0,8
2025-09-24,669319.6000000002,0.0,0.0,0.0,0.0,8
2025-09-25,669319.6000000002,0.0,0.0,0.0,0.0,8
2025-09-26,669319.6000000002,0.0,0.0,0.0,0.0,8
2025-09-29,669319.6000000002,0.0,0.0,0.0,85.71428571428571,8
2025-09-30,693667.0000000003,0.0,0.0,0.0,76.19047619047619,0
2025-10-09,693667.0000000003,0.0,0.0,0.0,54.761904761904766,0
2025-10-10,693667.0000000003,0.0,0.0,0.0,59.523809523809526,0
2025-10-13,693667.0000000003,0.0,0.0,0.0,59.523809523809526,0
2025-10-14,693667.0000000003,0.0,0.0,0.0,40.476190476190474,0
2025-10-15,693667.0000000003,0.0,0.0,0.0,23.809523809523807,0
2025-10-16,693667.0000000003,0.0,0.0,0.0,9.523809523809524,0
2025-10-17,693667.0000000003,0.0,0.0,0.0,0.0,0
2025-10-20,693667.0000000003,0.0,0.0,0.0,0.0,0
2025-10-21,693667.0000000003,0.0,0.0,0.0,0.0,0
2025-10-22,693667.0000000003,0.0,0.0,0.0,0.0,0
2025-10-23,693667.0000000003,0.0,0.0,0.0,0.0,0
2025-10-24,693667.0000000003,0.0,0.0,0.0,0.0,0
2025-10-27,693667.0000000003,0.0,0.0,0.0,0.0,0
2025-10-28,693667.0000000003,0.0,0.0,0.0,100.0,2
2025-10-29,692587.0000000003,-32.834564103866086,-0.13158536106107727,-2740.590965159118,100.0,4
2025-10-30,691707.0000000003,-14.023696290801617,-0.2653740386867621,-5808.977352242578,97.5609756097561,4
2025-10-31,694027.0000000003,-20.06363597939098,-0.27268203276875475,-5743.709937010604,100.0,4
2025-11-03,698087.0000000003,-29.969255257123365,-0.2886693300529951,-5537.443539117233,95.1219512195122,4
2025-11-04,694347.0000000003,0.052425991404291494,-0.28722684225996703,-5542.2247869733,87.8048780487805,4
2025-11-05,698027.0000000003,-7.965449993688566,-0.2987136848608465,-5494.530702659327,85.36585365853658,4
2025-11-06,707587.0000000003,-39.21760745010103,-0.3310728619037689,-5234.272699456164,82.92682926829268,4
2025-11-07,708267.0000000003,-33.78988748952259,-0.32736253899132817,-5262.076422239064,80.48780487804879,4
2025-11-10,709487.0000000003,-41.795468540417126,-0.33039432206258057,-5028.186162581492,78.04878048780488,4
2025-11-11,707647.0000000003,-32.44623027402594,-0.32607713076250494,-5077.140927899364,80.48780487804879,4
2025-11-12,709567.0000000003,-12.972931006454658,-0.32828973811237105,-5118.131989204505,73.17073170731707,4
2025-11-13,714387.0000000003,-52.51216161855013,-0.33606042290255195,-4745.760532980074,70.73170731707317,4
2025-11-14,715447.0000000003,-18.645581166719914,-0.35252927832367503,-4976.100021253578,73.17073170731707,4
2025-11-17,721567.0000000003,-29.44777157082187,-0.393919325554202,-4688.993447076655,60.97560975609756,4
2025-11-18,718427.0000000003,2.0967576594118285,-0.3641504523038976,-4767.531752779052,53.65853658536586,4
2025-11-19,716887.0000000003,23.675704757869987,-0.34862894635884,-4637.407769585698,52.38095238095239,4
2025-11-20,715787.0000000003,40.044878060367964,-0.33909219798644075,-4456.7519488804655,53.48837209302325,4
2025-11-21,687447.0000000003,108.38952505358742,-0.23528384891607637,-3330.793452725937,56.81818181818182,4
2025-11-24,701767.0000000003,97.47102717028548,-0.27673612167481954,-3404.4265642984233,48.888888888888886,4
2025-11-25,716147.0000000003,79.66767634712087,-0.33911335133910503,-3652.11151866606,43.47826086956522,4
2025-11-26,718527.0000000003,84.09004027485182,-0.34699880905871766,-3520.2581665550215,40.42553191489361,4
2025-11-27,719607.0000000003,83.44226991886214,-0.3576431531162608,-3463.2860014190082,37.5,4
2025-11-28,731787.0000000003,61.04211018062587,-0.44184139775794795,-3708.7618595891404,34.69387755102041,4
2025-12-01,735987.0000000003,39.960263933266276,-0.5044052827078415,-3701.7765722153404,32.6530612244898,4
2025-12-02,730927.0000000003,71.12429290100363,-0.4293941556287183,-3370.1370704436213,36.734693877551024,4
2025-12-03,726487.0000000003,97.55826195857301,-0.3767571298653754,-2936.3868688997673,30.612244897959183,4
2025-12-04,729087.0000000003,101.70088234025002,-0.3880445925398953,-2819.5960141815654,30.612244897959183,4
2025-12-05,744827.0000000003,71.02581864658006,-0.5201654761638881,-3179.841107899905,26.53061224489796,4
2025-12-08,752587.0000000003,30.770039578207374,-0.628955188360501,-3212.969788626157,24.489795918367346,4
2025-12-09,752407.0000000003,59.81727830935907,-0.6246032923459499,-2957.4742236173374,20.408163265306122,4
2025-12-10,754747.0000000003,42.82138134575775,-0.6710905597561467,-2977.5564441432966,18.367346938775512,4
2025-12-11,748227.0000000003,103.04545307834545,-0.5409064955092193,-2368.8860816992483,24.489795918367346,4
2025-12-12,758687.0000000003,80.08882195781936,-0.7221398743592008,-2472.9176459768355,10.204081632653061,4
2025-12-15,753867.0000000003,128.26044107035142,-0.6036051057300396,-1724.5637863457264,12.244897959183673,4
2025-12-16,733347.0000000003,179.18092285641785,-0.2566482691829068,-718.4166769475728,8.16326530612245,4
2025-12-17,752147.0000000003,148.39454851746916,-0.5778106506371835,-1343.863833567515,12.244897959183673,4
2025-12-18,751747.0000000003,159.35393565454243,-0.4767208484080449,-1078.5218827885924,8.16326530612245,4
2025-12-19,763787.0000000003,188.43587913768346,-0.5128396384179926,-402.2966182978513,4.081632653061225,4
2025-12-22,693667.0000000003,0.0,0.0,0.0,0.0,4
2025-12-23,693667.0000000003,0.0,0.0,0.0,0.0,4
2025-12-24,693667.0000000003,0.0,0.0,0.0,0.0,4
2025-12-25,693667.0000000003,0.0,0.0,0.0,0.0,4
2025-12-26,693667.0000000003,0.0,0.0,0.0,0.0,4
2025-12-29,693667.0000000003,0.0,0.0,0.0,100.0,4
2025-12-30,693667.0000000003,0.0,0.0,0.0,100.0,4
2025-12-31,776707.0000000003,0.0,0.0,0.0,95.91836734693877,2
2026-01-05,777687.0000000003,-27.741413261944864,-0.11012978949008134,-3364.0404039621835,100.0,4
2026-01-06,774207.0000000003,-56.61713316892726,-0.2061468887811195,-6671.021265664829,100.0,4
2026-01-07,776667.0000000003,-70.2000453432214,-0.21071463278050126,-6335.92667759206,100.0,6
2026-01-08,779727.0000000003,-103.4738532755402,-0.29222709866012714,-8898.440277555343,97.95918367346938,6
2026-01-09,766027.0000000003,-144.80719344934937,-0.2327095894206431,-7996.474197972572,100.0,8
2026-01-12,709467.0000000003,-187.64709612268325,-0.2841609354653836,-11755.198465008469,100.0,10
2026-01-13,755347.0000000003,-149.0681144366631,-0.42447114415052645,-15523.26649420174,97.95918367346938,10
2026-01-14,742667.0000000003,-161.36708106847374,-0.40698116840115334,-15597.852004081851,97.95918367346938,10
2026-01-15,747487.0000000003,-164.83119178984097,-0.4080294937837879,-15033.774799727846,96.0,10
2026-01-16,762547.0000000003,-153.90892026481006,-0.42925682012172756,-15429.258710082759,90.19607843137256,10
2026-01-19,777667.0000000003,-174.36975027427414,-0.44516570266128963,-14647.606742215108,78.84615384615384,10
2026-01-20,807207.0000000003,-137.93955484791474,-0.49724413405503676,-14949.041865066478,73.58490566037736,10
2026-01-21,797367.0000000003,-167.71861761430083,-0.47624243356170304,-14501.955483749574,74.07407407407408,10
2026-01-22,780247.0000000003,-194.14075421187863,-0.4443817977274704,-14012.675466567132,74.54545454545455,10
2026-01-23,721767.0000000003,-250.49310656954412,-0.36884955563331007,-12904.823316494503,89.0909090909091,10
2026-01-26,753387.0000000003,-210.77297405757932,-0.4095598454610594,-13440.258830272434,90.9090909090909,10
2026-01-27,746287.0000000003,-223.75782905483013,-0.39230083894667495,-12788.867843169064,87.27272727272727,10
2026-01-28,740747.0000000003,-231.4376171321526,-0.3733216092495293,-12362.193905376105,87.27272727272727,10
2026-01-29,761987.0000000003,-198.92003348511716,-0.4250986106718188,-13233.654854314864,76.36363636363637,10
2026-01-30,768787.0000000003,-162.94872801225685,-0.44038100184821494,-13695.854562562361,67.27272727272727,10
2026-02-02,733247.0000000003,-34.48173787165776,-0.4247765709163044,-14314.294593388138,98.18181818181819,10
2026-02-03,771947.0000000003,-135.68205224628963,-0.45165475593164073,-13612.29539611345,63.63636363636363,10
2026-02-04,788087.0000000003,-141.52973243357644,-0.471178470252387,-13246.395372774836,58.18181818181818,10
2026-02-05,799967.0000000003,-72.46771513934243,-0.4996996343201814,-13604.930129197453,56.36363636363636,10
2026-02-06,805607.0000000003,-64.6227825401377,-0.5121333013843649,-13423.666980322661,54.54545454545454,10
2026-02-09,801247.0000000003,-154.75615647344188,-0.4934066652149455,-12455.943384420481,49.09090909090909,10
2026-02-10,812027.0000000003,-171.4001986189853,-0.5068049944278183,-11940.652538728258,47.27272727272727,10
2026-02-11,809767.0000000003,-160.6018262865977,-0.5067962926415166,-12047.241852242056,47.27272727272727,10
2026-02-12,799907.0000000003,-198.21905821951182,-0.4861943886841896,-11467.908425010986,43.63636363636363,10
2026-02-13,819527.0000000003,-150.5422425387774,-0.5206258355181266,-11655.7444046059,41.81818181818181,10
2026-02-24,843767.0000000003,-210.95495188528136,-0.5639861849173223,-9330.535296001284,40.0,10
2026-02-25,827907.0000000003,-282.90030926194726,-0.5240640698531432,-8123.275253884971,38.18181818181819,10
2026-02-26,820847.0000000003,-12.958871772214422,-0.4958514363686891,-7495.2435586073425,36.36363636363637,10
2026-02-27,800147.0000000003,-54.68723717867795,-0.4359183967930211,-6291.378348926517,34.54545454545455,10
2026-03-02,833587.0000000003,-16.281542375905758,-0.5219589871743633,-6848.846529715407,32.72727272727273,10
2026-03-03,879847.0000000003,183.68841355868295,-0.6697627618176296,-8878.098553210242,38.18181818181819,10
2026-03-04,887327.0000000003,208.4580516021838,-0.6851659149838917,-8606.975830748012,38.18181818181819,10
2026-03-05,909167.0000000003,149.20660774514027,-0.7566130068338605,-7794.526544013615,27.27272727272727,10
2026-03-06,909427.0000000003,97.52953905555916,-0.7809224404065885,-7345.440353114697,25.454545454545453,10
